{
    "rmse": 0.7043058599971911,
    "mae": 0.5532507561664949,
    "r2": 0.25849733633337135
}