{
    "rmse": 0.6995569526021479,
    "mae": 0.5365262699957009,
    "r2": 0.3046049361944546
}