{
    "rmse": 0.69156309132975,
    "mae": 0.5399345164637541,
    "r2": 0.31283936200639695
}