{
    "rmse": 0.7303322053605563,
    "mae": 0.5686621715134967,
    "r2": 0.2639854694664969
}